[
  {
    "horizontalList": [
      {
        "userName": "steven",
        "userImage": "",
        "photoUrl": "http://sjbz.fd.zol-img.com.cn/t_s240x320c/g5/M00/0F/09/ChMkJlfJQV-IHqmLAAapph5P2foAAU7cgJwdBAABqm-124.jpg",
        "content": "我爱张银雪"
      },
      {
        "userName": "steven",
        "userImage": "",
        "photoUrl": "http://sjbz.fd.zol-img.com.cn/t_s240x320c/g5/M00/07/04/ChMkJljlsBGIfwbJAAP3swglB9wAAbZHgBkAakAA_fL947.jpg",
        "content": "我爱张银雪"
      },
      {
        "userName": "小宝宝",
        "userImage": "",
        "photoUrl": "http://sjbz.fd.zol-img.com.cn/t_s240x320c/g5/M00/0F/09/ChMkJlfJQV-IYyXCAAWmwwZKFScAAU7cgJ3Hc4ABabb686.jpg",
        "content": "我的小可爱"
      },
      {
        "userName": "仉红亮",
        "userImage": "",
        "photoUrl": "http://sjbz.fd.zol-img.com.cn/t_s240x320c/g5/M00/07/04/ChMkJ1jlsBKILJeEAAD15bVnYxMAAbZHgB0Wz8AAPX9692.jpg",
        "content": "我爱silent"
      },
      {
        "userName": "仉脸脸",
        "userImage": "",
        "photoUrl": "http://sjbz.fd.zol-img.com.cn/t_s240x320c/g5/M00/07/04/ChMkJ1jlsBKIfYSjAAByNL_th2wAAbZHgCCrjMAAHJM171.jpg",
        "content": "我爱silent"
      },
      {
        "userName": "仉嘴嘴",
        "userImage": "",
        "photoUrl": "http://sjbz.fd.zol-img.com.cn/t_s240x320c/g5/M00/07/03/ChMkJljlp7mIVS74AAZe51VcP4AAAbZEQJ0SDoABl7_286.jpg",
        "content": "我爱silent"
      }
    ],
    "portraitList": {},
    "videoEntity": {},
    "type": 0
  },
  {
    "horizontalList": [],
    "portraitList": {
      "userName": "steven",
      "userImage": "",
      "photoUrl": "https://timgsa.baidu.com/timg?image&quality=80&size=b9999_10000&sec=1553146847994&di=25763f2c9c7c21d88e8cd515b1599b7e&imgtype=0&src=http%3A%2F%2Fgss0.baidu.com%2F9vo3dSag_xI4khGko9WTAnF6hhy%2Fzhidao%2Fpic%2Fitem%2F48540923dd54564ea36abf58b7de9c82d1584f47.jpg",
      "content": "小丑也可以很酷"
    },
    "videoEntity": {},
    "type": 1
  },
  {
    "horizontalList": [],
    "portraitList": {
      "userName": "steven仉",
      "userImage": "",
      "photoUrl": "https://img04.sogoucdn.com/app/a/100520093/ac75323d6b6de243-89d6da0f0549cd8f-6d3e7c335e0127c2385f4f5f3c9e3140.jpg",
      "content": "我爱小可爱"
    },
    "videoEntity": {},
    "type": 1
  },
  {
    "horizontalList": [],
    "portraitList": {
      "userName": "snow",
      "userImage": "",
      "photoUrl": "https://i03piccdn.sogoucdn.com/284022c24d996157",
      "content": "小宝宝干嘛呢"
    },
    "videoEntity": {},
    "type": 1
  },
  {
    "horizontalList": [],
    "portraitList": {},
    "videoEntity": {
      "title": "吃饭",
      "videoUrl": "http://jzvd.nathen.cn/342a5f7ef6124a4a8faf00e738b8bee4/cf6d9db0bd4d41f59d09ea0a81e918fd-5287d2089db37e62345123a1be272f8b.mp4",
      "videoThumb": "http://jzvd-pic.nathen.cn/jzvd-pic/1bb2ebbe-140d-4e2e-abd2-9e7e564f71ac.png"
    },
    "type": 2
  },
  {
    "horizontalList": [],
    "portraitList": {
      "userName": "仉红亮",
      "userImage": "",
      "photoUrl": "http://sjbz.fd.zol-img.com.cn/t_s640x480c/g5/M00/00/02/ChMkJ1fJVRKIMmjfAAMlyjgjrFgAAU91gGI878AAyXi662.jpg",
      "content": "我爱silent"
    },
    "videoEntity": {},
    "type": 1
  },
  {
    "horizontalList": [],
    "portraitList": {},
    "videoEntity": {
      "title": "玩玩",
      "videoUrl": "http://jzvd.nathen.cn/8abcdf98ec6a418b945a70fe9dd6fc7f/5cb36416a23a4da8b15d3eaa5e19a1e6-5287d2089db37e62345123a1be272f8b.mp4",
      "videoThumb": "http://jzvd-pic.nathen.cn/jzvd-pic/ef46e139-e378-4298-8441-144888294f1f.png"
    },
    "type": 2
  }
]
